{
  "模型8a_FewShot": {
    "test": {
      "0": {
        "precision": 0.9215686274509803,
        "recall": 0.9894736842105263,
        "f1-score": 0.9543147208121827,
        "support": 95.0
      },
      "1": {
        "precision": 0.989247311827957,
        "recall": 0.92,
        "f1-score": 0.9533678756476683,
        "support": 100.0
      },
      "accuracy": 0.9538461538461539,
      "macro avg": {
        "precision": 0.9554079696394686,
        "recall": 0.9547368421052631,
        "f1-score": 0.9538412982299256,
        "support": 195.0
      },
      "weighted avg": {
        "precision": 0.9562756450801991,
        "recall": 0.9538461538461539,
        "f1-score": 0.9538291591893548,
        "support": 195.0
      }
    },
    "num_samples": 200,
    "prompt_strategy": "few-shot (6 examples)",
    "accuracy": 0.9538461538461539
  },
  "模型8b_结构化输出": {
    "accuracy": 0.9,
    "num_samples": 20,
    "prompt_strategy": "structured JSON output with aspect-based sentiment",
    "topic_distribution": {
      "plot": 17,
      "acting": 14,
      "directing": 5,
      "visual effects": 3,
      "music": 3,
      "casting": 2,
      "character development": 2,
      "visual style": 2,
      "historical accuracy": 2,
      "overall quality": 2
    },
    "aspect_sentiment_distribution": {
      "positive": 40,
      "negative": 41
    }
  }
}