{
  "模型1_SentiWordNet": {
    "valid": {
      "0": {
        "precision": 0.7565055762081785,
        "recall": 0.3274336283185841,
        "f1-score": 0.4570466030320045,
        "support": 2486.0
      },
      "1": {
        "precision": 0.5739041794087666,
        "recall": 0.8957836117740652,
        "f1-score": 0.69959614787201,
        "support": 2514.0
      },
      "accuracy": 0.6132,
      "macro avg": {
        "precision": 0.6652048778084725,
        "recall": 0.6116086200463247,
        "f1-score": 0.5783213754520072,
        "support": 5000.0
      },
      "weighted avg": {
        "precision": 0.6646935938974342,
        "recall": 0.6132,
        "f1-score": 0.5790005141775593,
        "support": 5000.0
      }
    },
    "test": {
      "0": {
        "precision": 0.7523484201537147,
        "recall": 0.3531062124248497,
        "f1-score": 0.48063284233497,
        "support": 2495.0
      },
      "1": {
        "precision": 0.5784800208931836,
        "recall": 0.8842315369261478,
        "f1-score": 0.6994000631512473,
        "support": 2505.0
      },
      "accuracy": 0.6192,
      "macro avg": {
        "precision": 0.6654142205234492,
        "recall": 0.6186688746754987,
        "f1-score": 0.5900164527431087,
        "support": 5000.0
      },
      "weighted avg": {
        "precision": 0.6652403521241885,
        "recall": 0.6192,
        "f1-score": 0.5902352199639249,
        "support": 5000.0
      }
    }
  },
  "模型2_朴素贝叶斯_Count": {
    "valid": {
      "0": {
        "precision": 0.8417573872472783,
        "recall": 0.8708769106999196,
        "f1-score": 0.856069592724397,
        "support": 2486.0
      },
      "1": {
        "precision": 0.8677924217462932,
        "recall": 0.8381066030230708,
        "f1-score": 0.8526912181303116,
        "support": 2514.0
      },
      "accuracy": 0.8544,
      "macro avg": {
        "precision": 0.8547749044967858,
        "recall": 0.8544917568614951,
        "f1-score": 0.8543804054273543,
        "support": 5000.0
      },
      "weighted avg": {
        "precision": 0.854847802593383,
        "recall": 0.8544,
        "f1-score": 0.8543709459784908,
        "support": 5000.0
      }
    },
    "test": {
      "0": {
        "precision": 0.8535825545171339,
        "recall": 0.878557114228457,
        "f1-score": 0.8658897886628482,
        "support": 2495.0
      },
      "1": {
        "precision": 0.8754111842105263,
        "recall": 0.8499001996007984,
        "f1-score": 0.8624670852744581,
        "support": 2505.0
      },
      "accuracy": 0.8642,
      "macro avg": {
        "precision": 0.8644968693638302,
        "recall": 0.8642286569146277,
        "f1-score": 0.8641784369686532,
        "support": 5000.0
      },
      "weighted avg": {
        "precision": 0.8645186979935235,
        "recall": 0.8642,
        "f1-score": 0.8641750142652647,
        "support": 5000.0
      }
    }
  },
  "模型3_逻辑回归_Count": {
    "valid": {
      "0": {
        "precision": 0.8887063655030801,
        "recall": 0.8704746580852776,
        "f1-score": 0.8794960373907742,
        "support": 2486.0
      },
      "1": {
        "precision": 0.8744639376218324,
        "recall": 0.8922036595067622,
        "f1-score": 0.8832447332151998,
        "support": 2514.0
      },
      "accuracy": 0.8814,
      "macro avg": {
        "precision": 0.8815851515624562,
        "recall": 0.8813391587960199,
        "f1-score": 0.8813703853029871,
        "support": 5000.0
      },
      "weighted avg": {
        "precision": 0.8815452727643888,
        "recall": 0.8814,
        "f1-score": 0.8813808816512954,
        "support": 5000.0
      }
    },
    "test": {
      "0": {
        "precision": 0.8959183673469387,
        "recall": 0.8797595190380761,
        "f1-score": 0.8877654196157735,
        "support": 2495.0
      },
      "1": {
        "precision": 0.8823529411764706,
        "recall": 0.8982035928143712,
        "f1-score": 0.8902077151335311,
        "support": 2505.0
      },
      "accuracy": 0.889,
      "macro avg": {
        "precision": 0.8891356542617046,
        "recall": 0.8889815559262237,
        "f1-score": 0.8889865673746523,
        "support": 5000.0
      },
      "weighted avg": {
        "precision": 0.8891220888355341,
        "recall": 0.889,
        "f1-score": 0.88898900967017,
        "support": 5000.0
      }
    }
  },
  "模型4_逻辑回归_TFIDF": {
    "valid": {
      "0": {
        "precision": 0.9025919732441472,
        "recall": 0.8684633950120676,
        "f1-score": 0.8851988519885199,
        "support": 2486.0
      },
      "1": {
        "precision": 0.8746165644171779,
        "recall": 0.9073190135242641,
        "f1-score": 0.8906677079265912,
        "support": 2514.0
      },
      "accuracy": 0.888,
      "macro avg": {
        "precision": 0.8886042688306626,
        "recall": 0.8878912042681659,
        "f1-score": 0.8879332799575556,
        "support": 5000.0
      },
      "weighted avg": {
        "precision": 0.8885259376859471,
        "recall": 0.888,
        "f1-score": 0.887948592754182,
        "support": 5000.0
      }
    },
    "test": {
      "0": {
        "precision": 0.9004874086108855,
        "recall": 0.8885771543086173,
        "f1-score": 0.8944926366754085,
        "support": 2495.0
      },
      "1": {
        "precision": 0.8904649330181245,
        "recall": 0.9021956087824351,
        "f1-score": 0.8962918897481658,
        "support": 2505.0
      },
      "accuracy": 0.8954,
      "macro avg": {
        "precision": 0.8954761708145049,
        "recall": 0.8953863815455262,
        "f1-score": 0.8953922632117871,
        "support": 5000.0
      },
      "weighted avg": {
        "precision": 0.8954661483389121,
        "recall": 0.8954,
        "f1-score": 0.89539406246486,
        "support": 5000.0
      }
    }
  },
  "模型5_逻辑回归_SelectK200": {
    "valid": {
      "0": {
        "precision": 0.8561643835616438,
        "recall": 0.8045052292839904,
        "f1-score": 0.8295313148071339,
        "support": 2486.0
      },
      "1": {
        "precision": 0.8175675675675675,
        "recall": 0.8663484486873508,
        "f1-score": 0.8412514484356894,
        "support": 2514.0
      },
      "accuracy": 0.8356,
      "macro avg": {
        "precision": 0.8368659755646057,
        "recall": 0.8354268389856706,
        "f1-score": 0.8353913816214117,
        "support": 5000.0
      },
      "weighted avg": {
        "precision": 0.8367579044798221,
        "recall": 0.8356,
        "f1-score": 0.8354241979955718,
        "support": 5000.0
      }
    },
    "test": {
      "0": {
        "precision": 0.8617920540997465,
        "recall": 0.8172344689378758,
        "f1-score": 0.8389220325036001,
        "support": 2495.0
      },
      "1": {
        "precision": 0.826879271070615,
        "recall": 0.8694610778443114,
        "f1-score": 0.8476357267950964,
        "support": 2505.0
      },
      "accuracy": 0.8434,
      "macro avg": {
        "precision": 0.8443356625851808,
        "recall": 0.8433477733910936,
        "f1-score": 0.8432788796493482,
        "support": 5000.0
      },
      "weighted avg": {
        "precision": 0.8443007498021516,
        "recall": 0.8434,
        "f1-score": 0.8432875933436397,
        "support": 5000.0
      }
    }
  },
  "模型6_逻辑回归_SelectK2000": {
    "valid": {
      "0": {
        "precision": 0.8872942169691853,
        "recall": 0.8455349959774738,
        "f1-score": 0.8659114315139032,
        "support": 2486.0
      },
      "1": {
        "precision": 0.8540478905359179,
        "recall": 0.8937947494033412,
        "f1-score": 0.8734693877551021,
        "support": 2514.0
      },
      "accuracy": 0.8698,
      "macro avg": {
        "precision": 0.8706710537525516,
        "recall": 0.8696648726904075,
        "f1-score": 0.8696904096345026,
        "support": 5000.0
      },
      "weighted avg": {
        "precision": 0.8705779640385385,